"cashtag","spread"
"NESM","1.3199999999999932"
"DBMS","0.6000000000000014"
